package_name,download_count
azure-mgmt-containerregistry,6280060
geopandas,4072635
geopy,3839693
geographiclib,3837478
geoip2,3810900
pygeohash,1967721
geomet,1624809
keyrings-google-artifactregistry-auth,1489880
geojson,979810
geoalchemy2,519559
geocoder,483782
python-geohash,384965
geoip2-tools,356825
pgeocode,309984
azure-schemaregistry,263784
python-schema-registry-client,262564
reverse-geocoder,235421
azure-schemaregistry-avroserializer,210555
pygeos,189056
torch-geometric,178971
geohash2,133655
pygeoif,124902
geog,115357
google-cloud-artifact-registry,114314
kml2geojson,100678
djangorestframework-gis,99488
opengeode-core,98707
arcgis2geojson,98033
geolib,95238
types-geoip2,92293
pygeoip,89258
geode-common,84640
azure-containerregistry,78188
geohash,78032
reverse-geocode,74939
geonamescache,74443
mygeotab,70078
django-registration,69918
geohashlite,69667
arcgis,63944
bioregistry,55383
geode-backgroundmesh,55244
pygeocodio,54982
maxminddb-geolite2,53424
geojson-pydantic,52809
geode-simplexremesh,49535
python-geoip,49221
geospark,48969
geotext,46650
class-registry,45016
pygeotile,42717
pygeodesy,40600
python-geoip-geolite2,40540
geode-conversion,40069
dask-geopandas,37120
xtgeo,36422
polygon-geohasher,35705
itk-registration,33280
robotframework-pageobjectlibrary,32062
opengeode-io,31292
pybind11-geobuf,29537
django-registration-redux,27436
winregistry,23398
opengeode-geosciences,23006
python-registry,22402
ip2geotools,22045
aegis-tools,21942
opengeode-geosciencesio,20951
c2cgeoform,20252
geode-implicitmodeling,19827
c2cgeoportal-admin,19763
censusgeocode,19735
rio-cogeo,19696
azure-schemaregistry-avroencoder,19634
geode-parameterization,19461
python-geoip-python3,19451
c2cgeoportal-commons,19315
c2cgeoportal-geoportal,17693
ladybug-geometry,17648
opengeode-inspector,17567
geode-explicitmodeling,17122
geoip,16891
spherical-geometry,16639
pygeoj,16107
torchgeometry,15840
geonetworkx,15176
postgis,15150
aws-cdk-aws-servicecatalogappregistry,15127
sharingiscaring,14892
plone-app-registry,14823
opengeode-core-geode,14794
ladybug-geometry-polyskel,14733
geobuf,14181
phx-class-registry,14146
geos,13829
mypy-boto3-servicecatalog-appregistry,13494
products-mimetypesregistry,13118
pygeodiff,12657
products-pluginregistry,12456
geomdl,12376
plone-registry,12282
geojson-rewind,12053
django-geojson,12001
libgeohash,11658
aws-glue-schema-registry,11434
geonode,11085
botocore-a-la-carte-servicecatalog-appregistry,10987
botocore-a-la-carte-sagemaker-geospatial,10833
django-rest-registration,10784
pygeocoder,10665
geovoronoi,10418
via-hub-logistc,10348
scikit-spatial,10291
wsgiserver,9890
aws-cdk-aws-servicecatalogappregistry-alpha,9865
shapely-geojson,9861
r53-register,9768
cogeo-mosaic,9576
geode-simplexremeshgeosciences,9455
geolinks,9380
gisdata,9351
lsst-sphgeom,9068
geonode-avatar,8867
s2geometry,8847
geoserver-restconfig,8771
odc-geo,8749
geonode-user-messages,8125
geonode-announcements,7918
adafruit-circuitpython-register,7873
geopix,7844
geonode-oauth-toolkit,7650
geocube,7586
geoparse,7437
geo-espresso,7147
hagis,7053
geode-viewableobjects,7028
osgeo,7016
geopyspark,7011
axisregistry,6929
geonode-django-activity-stream,6903
plpygis,6849
geohash-hilbert,6807
geoviews,6706
registrable,6686
nagisa,6439
python-geoacumen,6434
spatialmath-python,6311
georaptor,6305
vt2geojson,6163
zope-vocabularyregistry,6097
geomloss,5977
geopip,5970
geoplot,5729
geode-background,5654
python-geoip-geolite2-yplan,5601
pygeodesic,5582
plotly-geo,5536
open-geodata,5513
osm2geojson,5410
python-geoacumen-city,5334
pygeoprocessing,5323
geode-simplex,5275
django-geoposition,5273
wagtailgeowidget,5270
pydantic-geojson,5201
py-geohex3,5182
spatialite,5143
spatialcluster,4970
docker-registry-client,4969
geobeam,4951
aio-geojson-client,4901
zope-principalregistry,4825
cognite-geospatial-sdk,4628
marshmallow-geojson,4525
lib-registry,4460
geode-numerics,4403
pygeofilter,4352
pigeonxt-jupyter,4289
napari-roi-registration,4261
python-geotiepoints,4253
napari-geojson,4208
spatialgeometry,4160
use-case-registry,4155
reverse-geocoder-whl,4109
regis,4026
aio-georss-client,4026
napari-spatial-omics,3978
govuk-country-register,3961
mypy-boto3-sagemaker-geospatial,3906
django-geonode-mapstore-client,3881
geoalchemy,3830
napari-spatialdata,3825
solaredgeoptimizers,3787
c2cgeoportal,3783
mtgeo,3776
eventregistry,3743
geosketch,3727
autoregistry,3674
segment-geospatial,3586
ckanext-geodatagov,3562
geode-hybridremesh,3560
pygeoda,3550
geobr,3535
aio-geojson-geonetnz-quakes,3502
napari-sift-registration,3486
geotorch,3475
clogistic,3472
geopytool,3464
cloudcomponents-cdk-container-registry,3444
georss-client,3399
geoserver-rest,3394
geodesic-api,3388
xarray-spatial,3359
georgio,3326
geode-ml,3286
geofileops,3278
pygeogrids,3256
csv2geojson,3250
geobasesdev,3225
torch-geometric-temporal,3212
pandas-geojson,3208
python-geoip-yplan,3203
geomapdemo,3186
edc-registration,3136
aio-geojson-geonetnz-volcano,3110
aio-georss-gdacs,3091
kafka-schema-registry,3011
geosoup,2922
jupyterlab-geojson,2917
aio-geojson-nsw-rfs-incidents,2876
hpgeom,2875
geode-explicit,2859
geostat,2852
eo-learn-geometry,2836
spatialpandas,2834
georss-ign-sismologia-client,2818
geoh5py,2816
django-graphql-geojson,2812
georss-generic-client,2798
python-googlegeocoder,2783
ssb-sgis,2769
geoarray,2733
eventgeometry,2722
hypothesis-geometry,2720
geotiff,2713
pygeobase,2697
torchgeo,2677
georss-qld-bushfire-alert-client,2675
django-geojson-serializer,2674
geometric,2672
geograpy3,2655
georasters,2654
gisic,2652
geomstats,2638
geomag,2562
geonode-dialogos,2523
geobases,2520
py-geohash-any,2485
bridgeobjects,2479
cardiac-geometries,2478
geojsoncontour,2475
geonomics,2416
qgis-plugin-ci,2386
products-resourceregistries,2359
regisoup,2353
django-geonode-client,2335
odoo-addons-oca-stock-logistics-warehouse,2315
georinex,2306
d-geolib,2305
geodata,2281
geojsplit,2260
geofinder,2245
geode-mymodule,2235
george,2200
raster-geometry,2183
geostatspy,2179
qgis-deployment-toolbelt,2172
geomapi,2166
spatial-transform,2153
geodaisy,2151
pygismeteo-base,2134
geobases3k,2134
graphene-gis,2122
aio-geojson-generic-client,2105
py4dgeo,2086
odoo-addons-oca-stock-logistics-workflow,2077
aristotle-metadata-registry,2072
geopyv,2069
tf-geometric,2068
gispython,2061
eo-learn-coregistration,2054
uwgeodynamics,2045
wasabi-geom,2036
geobasespypy,2024
spatialtis-core,2022
spatialcsv,2020
jageocoder,2015
pyrogis,1999
django-geoexplorer,1997
django-geoposition-2,1995
spatial-access,1994
pvgeo,1985
opengeode,1981
geosoupml,1979
geom-median,1962
django-admin-geomap,1960
georaster,1954
yandex-geocoder,1953
pygeoogc,1949
pygeoutils,1940
geocurrency,1940
odoo-addon-base-location-geonames-import,1938
italy-geopop,1931
isogeo-pysdk,1929
gemgis,1925
aio-geojson-usgs-earthquakes,1924
orange3-geo,1923
geocat-f2py,1911
extra-geom,1882
geode-implicit,1876
geoapps,1855
cirrus-geo,1854
geode-hybrid,1842
geoformat,1840
haggis,1840
geocachingapi,1836
pyramids-gis,1833
geode-viewables,1811
geode-simplexgeosciences,1799
django-rgd-geometry,1761
hdx-scraper-geonode,1756
python-geofs,1739
odoo14-addons-oca-stock-logistics-warehouse,1721
pyrsgis,1705
geonames,1699
pygeometa,1685
geolink-formatter,1680
aipha-geo-solutions,1671
onnx-graphsurgeon,1662
geojson-utils,1659
geoana,1654
django-geoip2-extras,1654
component-registry-bindings,1621
geoprepare,1599
geospace,1585
file-registry,1585
gistools,1578
cv2geojson,1572
peek-plugin-gis-diagram,1571
dynamodbgeo,1567
geoanalytics,1554
furiosa-registry,1553
dask-geomodeling,1552
ansys-api-geometry,1534
geospatial,1532
stem-registration,1525
django-geostore,1524
dungeon-eos,1520
django-terra-geocrud,1515
ocdsextensionregistry,1513
geo-py,1503
surgeo,1502
docker-registry-client-async,1497
spatialdyn,1496
sregistry,1464
giskard,1463
herpetologist,1451
geometron,1444
databricks-registry-webhooks,1436
django-admin-autoregister,1430
taegis-sdk-python,1428
aio-geojson-flightairmap,1426
ziggeo,1424
geomeppy,1423
geography,1417
geosnap,1401
3d-registration,1400
geocat-comp,1396
geodepy,1396
geofabrics,1391
geoglows,1384
django-gisserver,1362
opengeode-mymodule,1362
windows-tools-registry,1348
geometer,1347
statgis,1332
geoseeq,1330
geosky,1312
pygeoweaver,1307
geographica-longitude-async,1305
swcgeom,1298
geojson-client,1297
geoplotlib,1291
odoo14-addons-oca-stock-logistics-workflow,1291
svgis,1286
geovisio-cli,1282
mesa-geo,1281
spatial-correlation-sampler,1272
geoindex,1271
abba-qupath-registrationexporter,1265
censusbatchgeocoder,1241
geohash-tools,1237
imageobjects,1231
bmi-arcgis-restapi,1229
pygis,1223
geofetch,1216
eea-geotags,1215
pygeopack,1214
plone-formwidget-geolocation,1210
wsgiservice,1206
dune-geometry,1200
flask-simple-geoip,1197
geofred,1196
idealgeo,1193
opengeode-moduletemplate,1183
scraper-legistar,1182
georideapilib,1176
django-geoip,1174
geoapivietnam,1160
pyramid-georest,1159
geoliberator,1154
flashgeotext,1146
docker-registry-driver-jss,1143
geo3d,1134
pogeo,1133
geometry,1132
oe-geoutils,1128
matrix-registration,1123
django-constance-register,1122
aiopygismeteo,1118
changeo,1116
fake-geo-images,1107
typepigeon,1099
geoget,1098
spatial-index,1096
geonode-user-accounts,1085
dungeongenerator,1085
geoenrich,1085
torch-geometric-signed-directed,1080
constructive-geometries,1080
apicurioregistryclient,1079
bas-geoplot,1075
geospacelab,1066
core-main-registry-app,1060
heaserver-registry,1057
geoopt,1056
geometrify,1054
python-gist,1053
geometrout,1051
types-aiobotocore-servicecatalog-appregistry,1051
django-munigeo,1049
geotiler,1040
shuttl-geo,1038
geopackage-python,1030
ibm-container-registry,1029
geojsonio,1027
pytest-qgis,1027
core-module-local-id-registry-app,1021
geomagpy,1021
core-explore-keyword-registry-app,1015
pygismeteo,1011
core-dashboard-registry-app,1006
core-curate-registry-app,1003
register-printer,1003
geoedfengine,1002
spatial-casadi,1002
ctregistermicroserviceflask,1001
pangeo-forge-recipes,1000
places-geocode,997
collective-geolocationbehavior,996
dungeonsheets,996
soorgeon,990
geopolars,989
simple-geoip,986
geosolution,979
ggist1,978
heligeo,977
torchregister,977
pygeohydro,977
geotagging-alexr96,974
core-module-fancy-tree-registry-app,972
pytest-approvaltests-geo,972
forest-gis,972
di-registry,972
registryquery,967
trongispy,960
multiscale-spatial-image,959
gisaxs-xpcs,958
fastgeodis,956
spatialde,952
geoarchpy,948
core-module-status-registry-app,948
spatialist,946
agrometeo-geopy,944
aioregistry,939
geo-alchemy,939
geosardine,937
geopack,937
geotran,937
geonode-agon-ratings,934
geoutils,932
kagiso-django-auth,929
flake8-qgis,926
google-cloud-apigee-registry,925
geolog,924
georss-emsc-csem-earthquakes-client,919
upstream-ontologist,917
spatial-image,917
spatialpy,916
register,913
geotime-classify,911
gistyc,908
geoarea,906
geographica-longitude,898
ipregistry,897
pygeode,893
quranbot-schema-registry,892
image-registration,891
jadegeometry,886
geokey,883
registryaggregator,877
python-omgeo,875
configuration-registry,868
onegov-gis,868
spatialdm,864
fudgeo,862
spatial-kwd,858
django-arcgis-address,856
geoip2-data,851
geoio,851
legistream-backend,850
geojson-length,848
django-geoipdb-loader,847
t4-geom-convert,846
cpc-geofiles,837
geosoft,837
cimren-wkmeans-geo,835
segment-reshape-qgis-plugin,834
esgissue-client,828
mmmint-registration-recognition,825
pypigeonhole-build,824
gitlab-registry-usage,819
parser-2gis,819
geolocation-python,815
pierogis,809
geoipsets,806
gis-utils,804
politico-civic-geography,804
geox,802
giscemultitools,800
geonode-arcrest,799
pdok-geopackage-validator,797
registry,796
gisansexplorer,795
schema-registry,794
orange3-geo-fork,792
geospatial-lib,786
simple-geometry,786
deepalign-never-satisfied-deepalign-registry-service-client,786
ftm-geocode,784
cageo,783
pygeoapi,780
geologicaltoolbox,777
geopolrisk-py,776
pygeolocate,776
cpc-geoplot,771
osmtogeojson,769
pygeofun,767
geovista-slam,760
geofront,760
geoparquet,759
ovos-phal-plugin-ipgeo,757
python-geosupport,757
qgis-plugin-manager,756
geopylib,756
epl-geometry,755
geocoordinates,751
halfgeo,751
arcgis-sdk,750
geodistk,748
geonum,748
spatialprofilingtoolbox,745
geode-moduletemplate,737
pageobject,733
django-inspectional-registration,731
tfsurgeon,729
geotolktools,726
weightgis,725
pangeo-xesmf,720
geopatch,716
gromologist,715
gdptools-pygeoapi-plugin,714
uk-geo-utils,714
cubicweb-geocoding,713
2gis,713
django-registry,713
odoo13-addon-base-location-geonames-import,710
esi-utils-geo,708
geocode-sqlite,703
django-os-geocoder,703
geospade,702
trytond-gis,701
hspatial,700
geotile,699
spatialtools,698
itk-twoprojectionregistration,698
geocalc,697
geo-rasterize,697
geomac-wildfires,696
geo-lyb,694
camgeos,693
utils-flask-sqlalchemy-geo,692
cst-geometry,690
geopic-tag-reader,688
geospock-cli,688
gbmgeometry,688
kafka-schema-registry-admin,686
gismo,686
geode-gem,686
geojson2imdf,686
geopandas-postgis,684
pygeopkg,682
aiocogeo,680
pubgis,680
geocondense,678
infi-registry,677
dagmc-geometry-slice-plotter,674
registtro,673
property-price-register,673
registerer,672
geobrickscommon,672
raspygeo,671
subclass-register,669
terralabgeoapi,664
boundlessgeo-schema,664
acdh-django-geonames,662
geoplots,660
amazon-textract-geofinder,658
kodexa-spatialkit,655
geodataextent,655
histcensusgis,653
gistory,652
pypika-gis,648
t2geores,647
bakers-registry,642
matrix-registration-bot,642
odoo10-addons-oca-stock-logistics-warehouse,641
c4sfcensusgeocoder,640
odoo12-addon-base-location-geonames-import,639
django-geolocation-fields,639
odoo12-addon-delivery-carrier-label-postlogistics,639
pydungeoncrawl,637
geometry3d,633
geo-api-gouv-fr,632
geofiles,631
geohash-to-geojson,630
gecosistema-spatial,627
runregistry,627
gisi,626
webgeodyn,625
flask-registry,624
geoapidata,623
geofactory,618
geobricksrastercorrelation,616
geocoding,616
geotribu,616
bygeon,615
correos-preregistro,614
django-geoip-utils,611
isogeo-scan-metadata-processor,609
flask-geoip,609
georise,609
datamart-geo,606
gists-py,604
geocodingchn,604
django-codenerix-geodata,603
wc-django-geo-db,602
cincan-registry,601
odoo-addons-oca-stock-logistics-reporting,601
qigeometry,601
odoo11-addons-oca-stock-logistics-warehouse,598
geojson2vt,598
pygeometry,597
geotable,597
odoo12-addons-oca-stock-logistics-workflow,594
geomat,593
firthlogist,592
gongish,589
spatialnc,589
casepropods-family-connect-registration,588
geo-to-hca,588
bluewhale3-geo,586
gisa,585
pygeometry-z6,583
eea-geolocation,579
geobricksdistribution,579
docker-registry-driver-qiniu,578
eralegis,576
geomeffibem,574
telegeo,572
georef-ar-address,572
django-geosource,570
geojsonplot,568
django-geoexplorer-worldmap,566
geobinning,565
geofound,565
odoo13-addons-oca-stock-logistics-workflow,565
gitlab-registry-usage-rest,564
aiogeoip,564
azure-mgmt-edgeorder,564
geopayment,562
geomdl-cli,561
gluster-georep-tools,561
oogeo,560
odoo12-addons-oca-stock-logistics-warehouse,559
rgeocoder,559
gis,558
cubicweb-registration,557
pgeodistance,556
zen3geo,555
tlcgis,555
openmc-geometry-plot,549
django-tasker-geobase,546
kerrgeodesic-gw,545
odoo14-addon-base-location-geonames-import,544
ctk-geocoding-utils,544
rciam-federation-registry-agent,542
pygeoops,540
geonode-extract,540
django-geo,539
ip2geotools-locator,534
geoparsepy,532
geooppackage,531
gis-metadata-parser,529
geocat-viz,528
geoschem-gcpy,525
geowatch,521
pypn-ref-geo,521
odoo10-addon-base-location-geonames-import,520
mz2geohash,518
geov,517
geomm,517
bentoncounty-gistools,516
geotekppu,514
pangeo-forge-runner,514
geodesicdome,512
odoo-addon-product-logistics-uom,509
haiku-geometric,507
django-geo-db,505
geoz,502
geobricksdeployment,502
geogif,499
reverse-geocode-bd,498
geograpy,498
spatial-image-multiscale,497
qgis-plugin-dev-tools,497
geofeather,497
osgeo-easy,497
arcgis-rest-query,497
gis-fillers,495
geostatista,495
assetic-qgis,495
py-qgis-wps,493
geovista,492
aio-geojson-vicemergency-incidents,491
scigeo,489
fdgis,489
geopathfinder,489
aio-geojson-planefinderlocal,489
coordgeompy,488
odoo9-addon-delivery-carrier-label-postlogistics,487
django-registration-email,487
py-qgis-server,486
django-osgeo-importer-client,486
expresspigeon,485
docker-registry-core,485
ip-geolocation-api,485
ipgeosearch,483
geobricksgisraster,482
pygeo,481
spatial,481
georapid,480
qgis-stubs,479
abstract-ip-geolocation-api,479
made-ai-dungeon,478
marcosgeo-bumbo,477
movici-geo-query,477
geojson2fromto,475
sparkgeo-awscdk-construct-lib,473
xtgeoviz,473
odoo13-addons-oca-stock-logistics-warehouse,471
polygeohasher,470
mugisync,469
registryspy,469
geocontour,468
odoo9-addons-oca-stock-logistics-warehouse,468
autowsgiserver,468
choropleth-geojson,467
django-geo-spaas,466
geobricksproj4toepsg,464
reegis,463
sageopt,463
core-user-registration-app,461
geodataflow,461
pytest-docker-registry-fixtures,461
geostring,460
marinegeotemplatebuilder,460
aidungeonapi,456
geode-solutions-wslink,455
django-socialregistration,454
connectome-spatial-smoothing,454
pigeonapi-python-client,454
pygame-geometry,453
acdh-geonames-utils,453
logistics,453
django-geonames-api,452
dewloosh-geom,451
geometalab-osm-pbf-file-size-estimation-service,451
ai-dungeon-cli,451
metalogistic,450
geot-cluster,444
cdk-cloudformation-registry-test-resource1-module,443
geodesign,443
os-package-registry,442
friendly-data-registry,442
geoengine,442
spatialkappa,442
geode-hybridmesh,442
bmi-geotiff,440
geoapis,440
odoo12-addon-fieldservice-geoengine,440
geojson-modelica-translator,439
django-ip-geolocation,439
legislice,439
geofront-cli,437
odoo11-addon-base-location-geonames-import,437
fgdb2postgis,436
geoso,436
pluginregistry,436
intake-geopandas,436
geometric-vector-perceptron,436
cubicweb-postgis,436
geoai-gdal,434
acdh-histogis,433
django-gift-registry,433
geobricksrestengine,432
gis-tools,431
geodataset,431
geojson-to-sqlite,431
odoo14-addon-l10n-it-vat-registries,431
geolocation-twitter-scraper,430
registrate,430
geotwit,429
pigeonview,429
containerregistry-ccwienk,429
csv-reconcile-geo,428
pageone,428
qt-wsi-registration,427
geochemistrypi,427
geomagindices,426
georges-core,425
django-geonames-place,425
sdkms-plugin-registry-builder,425
collective-geo-mapwidget,424
fabgis,422
pgeo,422
gister,421
odoo8-addon-delivery-carrier-label-postlogistics,421
ad-geo-backend,421
geoclustering,420
geometry-designer,420
spatialtis,420
django-wsgiserver,419
pochas-geoutils,418
geotools,418
geoscan,417
registeringimages,415
kagiso-image,415
flask-geo,414
fast-geodist,413
geosnipe,412
odoo11-addons-oca-stock-logistics-workflow,412
odoo10-addons-oca-stock-logistics-workflow,411
geomaroc,411
odoo-addons-oca-stock-logistics-barcode,410
geotorchai,408
datasette-geojson-map,408
swc-registry,408
twittergeopics,408
geoprivacy,408
registry-factory,406
aegisml,405
funlib-geometry,404
aegis-engine,403
robotframework-pageobjects,403
archipel-agent-hypervisor-geolocalization,403
datasette-geojson,402
korean-geocoding,401
geodatasets,401
geotweet,401
geospatial-ml,400
geodbpyclient,399
isogeo-export-xl,399
google-geo-type,398
seismicfolddbgis,398
geotoolkit,398
fitsgeo,397
geotecha,397
django-fagungis,396
vggish-keras,394
crosscompute-geotable,393
gitlab-registry-cleanup,393
geoscilabs,392
django-cash-register,391
gistim,389
datasette-leaflet-geojson,388
pangeo-forge-cordex,386
eth-contract-registry,386
ppygis3,385
odoo9-addon-base-location-geonames-import,385
br-registrations,385
geo-upload-tool,384
stac-geoparquet,383
geodesiclinestogis,383
mappyfile-geojson,382
spatialfriend,381
yat-geo-db,381
geobricksspatialquery,381
lfview-resources-spatial,380
geometric-particle-swarm-optimisation,380
easygeo,380
streamsx-geospatial,379
geoformalchemy,378
collective-geo-openlayers,377
pentageoserver,376
geo-validator,376
geokey-sapelli,375
odoo9-addons-oca-stock-logistics-workflow,375
django-simple-geo,375
ztfy-geoportal,375
pyspatialml,375
docker-registry-driver-joyent-manta,375
django-query-profiler-georgia,373
odoo12-addon-base-geoengine,372
geomagnetism,372
dash-arcgis-open,371
georgstage,371
flowws-keras-geometry,370
fab-addon-geoalchemy,370
gwrucio-registrar,370
pollination-geojson-annual-energy-use,369
swisslandstats-geopy,367
geojson2kml,367
ucla-geotech-tools-random-field,366
kerassurgeon,364
simplegist,364
py-register-machine2,362
hdl-registers,362
etcd-register,362
pygeom,361
geopard,360
jupyter-notebook-gist,358
georouting,356
collective-geotransform,355
tif2geojson,354
geometry-to-spatialite,354
osint-geo-extractor,353
sensormapgeo,353
geodata-harvester,353
ckanext-geoview,353
geosynth,352
llgeo,352
magistral,352
kagiso-smart-404,352
django-ubigeo-peru,351
geoshaha-haoyu,350
geofluent,348
django-geopostcodes,348
geonode-notification,346
geodefi,346
mkgist,344
qgiscommons,344
py-image-registration,344
pyimageop,343
nagisa-bert,342
geo-adptc,342
collective-geo-leaflet,342
tensorboard-plugin-geometry,342
geode-finance,342
giseed,341
repo-gist-sync,340
i3geoweather,340
interlegis-portalmodelo-theme,337
nzgeom,337
aio-geojson-query,337
odoo13-addons-oca-stock-logistics-barcode,337
geotiff-crop-dataset,337
geoid,337
poissongeometry,335
geodezyx,335
clusgeo,334
simplegeo,333
shp2postgis,332
neologism,331
aegis-sim,331
burgeon,330
geo2d,330
odoo10-addon-l10n-it-vat-registries,330
cairn-geographics,330
aegis,330
spatialprompt,329
odoo14-addon-product-logistics-uom,327
py4geo,327
geodemora,327
ansible-role-container-registry,327
mapactionpy-qgis,326
getgist,326
registration,325
geobricksmapclassify,325
abstract-python-ip-geolocation,325
geoshape,324
odoo14-addons-oca-stock-logistics-barcode,323
appel-geocode,323
georss-ingv-centro-nazionale-terremoti-client,322
webgeocalc,322
burgiss-api,322
dm-robotics-geometry,322
geojson-transformer,322
geopro,321
geoenv-cli,321
geodetector,321
delugeonal,321
gistpipeline,320
geotrouvetout,320
girder-geobrowser,320
figgis,320
pygeostat,320
simplegeoip,320
georipe,318
geoitapy,318
circuitpython-laser-egismos,318
thunder-registration,318
geo-spider,317
python-gist-note,316
pylm-registry,315
spatial-image-ngff,314
geostore,314
geolibs-dator,313
geosdemo,313
nd-service-registry,313
geodemo,313
gistpy,312
nautilus-registry,312
odoo12-addon-l10n-it-vat-registries,312
pds-registry,311
abageotests,309
interlegis-portalmodelo-policy,309
pipgeo,309
geodatahub,309
geobricksdbms,308
odoo8-addons-oca-stock-logistics-warehouse,307
numericalpoissongeometry,307
django-email-registration,307
frictionless-geojson,305
pygeohash-fast,305
geomapviz,304
geoai-rasterio,304
clustering-geodata-cubes,303
mlgeometry,302
openregister,301
fab-geoalchemy,301
odoo14-addon-fieldservice-geoengine,300
odoo14-addon-mass-mailing-event-registration-exclude,300
geometryio,299
echo1-geopix,298
geouk,298
tracardi-maxmind-geolite2,297
geoint,297
geo-nuuuwan,297
django-geocode,296
geovectorslib,296
open-geotechnical,296
fxq-geoffrey,296
ipgeobase-importer,295
pygeonlp,294
ionoscloud-container-registry,294
poetry-artifactregistry-plugin,294
cpc-geogrids,291
pythologist,291
torchvggish,291
geodist,290
gister-cli,290
spatial-lda,290
surfy-geoip,290
agilegeo,289
icon-registration,289
datapackage-registry,289
z3c-baseregistry,289
geo-parallel,289
mygeopackage,289
geometricus,289
geobricksgeocoding,288
airwing-geoinfo,288
tgapp-registration,287
geo-pass,287
kp-registry,287
spatial-networks,286
gistbin,286
capablerobot-usbregister,285
collective-geo-settings,284
geobatchpy,284
gist,284
plone-app-changeownership,283
confluent-schema-registry-client,282
tsgeom,282
myepg-georgia,281
collective-geo-contentlocations,281
pywcgishell,280
qgis-plugin-tools,280
alpha-public-registry-grpc,279
geopmpy,279
boreholegeomechanics,278
seq-pigeon,278
gists-cli,278
kaibu-geojson-utils,278
brazilian-register,277
geobricksmodis,277
pgeomodis,277
gistfinder,277
dj-registry,276
imaxt-registration-tools,275
geomodels,274
ftw-geo,273
geometric-algebra-attention,273
docker-registry,273
geowrangler,272
pelican-gist,271
azure-maps-geolocation,271
collective-geo-geographer,270
geocortex-reporting-client,270
geomytry,270
wf-geom-render,269
geofem,269
gmshgeometry,268
pgist,267
django-geostore-routing,267
diblogeo,267
django-user-login-register-activate,267
geocodio,266
geometalab-drf-utm-zone-info,266
gspatial-plot,266
django-geo-chile,266
geoslam,265
geometrical-parameter,265
drf-registration,265
odoo-addon-event-registration-qr-code,265
gispy,264
geometric-smote,264
geocode,264
sehgsigizseigseigegise,263
cancergeonomics,262
topo2geo,262
census-pgeoloader,262
graphene-jwt-auth-registration,262
wigeon,261
pygeotimes,261
django-providerregistry,261
django-geojson-tiles,260
geontology,259
drb-topic-geojson,259
odoo14-addon-l10n-it-vat-registries-split-payment,259
geocode-ss,259
collective-geo-kml,259
gisrep,259
rpm-confluent-schemaregistry,258
geolang,258
gridgeo,258
geophpy,257
geosampler,257
odoo8-addon-base-geoengine-demo,257
jaraco-geo,256
spatialedge-analytics-dfauditor,255
service-registry-cli,255
covid-dashboard-pkg-tsturgeon,255
geomapper,255
django-geodz,255
registermap,253
uriregistry,253
geolibs-cartoasync,253
fauxgeo,253
spatialmath-rospy,253
gisht,252
pgpigeon,251
odoo10-addons-oca-stock-logistics-barcode,251
odoo14-addons-oca-stock-logistics-reporting,250
aliyun-python-sdk-geoip,249
deepgeo,248
d-geolib-plus,248
django-munigeo-turku,248
spatialstats,248
geom,247
geohexviz,247
geospy,246
collective-geo-faceted,246
rvgeocoder,246
odoo8-addon-base-geoengine,245
sehgsigizseigseigisegise,245
local-geocode,244
proso-geography-model,244
qgis-plugin-repo,244
geoedfframework,243
picogeojson,243
kagiso-sitemap,242
geoarchive,242
gistapi,241
docker-registry-driver-fds,241
django-registration-gv,240
ucla-geotech-tools-ipyconsol,240
geopatra,239
geobricksprocessing,239
interlegis-portalmodelo-ombudsman,239
spatial-efd,239
pythongists,239
geokernels,238
psycopg-postgis,238
surgeon-pytorch,237
geoclassy,237
logisticregression-pavanadapa,237
registerit,237
aas-job-register-downloader,237
micropython-redis-geo,236
geokey-export,236
geoextent,236
geojsonboundingbox,235
odoo11-addon-base-geoengine,235
collective-emailconfirmationregistration,234
flask-geolocation,234
spatialcdr,234
selenium-geocoder,233
geophysics-analysis,232
deep-geometry,232
drf-gis,232
geolibs-glutemulo,232
osgiservicebridge,232
geo-data-br,231
odoo8-addon-geoengine-geoname-geocoder,231
geocam,231
gis-conflation-toolchain,230
isogeo-export-docx,230
geoworker,229
spatial-math-mini,229
coop-geo,229
geokey-dataimports,229
data-geo,229
odoo13-addons-oca-stock-logistics-reporting,228
geodemo-zw,228
oidc-register,228
claypigeon,227
docker-registry-py,227
odoo12-addons-oca-geospatial,227
geomine,226
geonameszip,226
geomdl-shapes,226
odoo10-addon-base-geoengine,226
geolocator,226
wikigeo,226
geomodelr,225
geodex,225
geonames-lib,225
keras-spatial,224
edxml-bricks-geography,224
pygeotools,224
geodatatool,224
cybergis-compute-client,224
karrio-geodis,223
spatialiteintrospect,223
geomcompare,223
wagtailblock-register,222
geoakaze,222
spatialentropy,222
django-geoportail,222
pyrcgeos,220
cogeotiff,220
custodial-registration-proxy,220
django-pigeon,219
odoo12-addon-l10n-it-vat-registries-split-payment,219
datapackage-pipelines-sourcespec-registry,218
geodl,218
ip2geo,218
registrar,218
georef-ar-py,218
graphsurgeon,217
jpgeocode,217
great-expectations-geospatial-expectations,216
georss-tfs-incidents-client,216
pygeo3d,215
geodesy,215
georss-nrcan-earthquakes-client,215
django-pyodbc-gis,215
runregistryclient,214
odoo8-addon-website-event-register-free,213
cartogeo-generator,213
easy-geoparsing,213
georss-wa-dfes-client,213
cnspy-spatial-csv-formats,212
geo-squizzy,212
odoo-addon-hr-attendance-geolocation,212
geojson2osm,212
ucla-geotech-tools-response-spectrum,212
lmgeo,211
girder-geospatial,210
pygisty,210
django-registration-defaults,210
async-python-schema-registry-client,209
geondt,209
pygeoguz,209
kagiso-search,208
pygisceclient,208
ucla-geotech-tools-auto-fchp,208
gist-generator,208
pangeo-sphinx-book-theme,208
geomove,207
simple-registry-api,207
coortransform-girdgeographic,207
gist-control,207
geobricksgeostatistics,206
rigel-registry-plugin,206
pangeo-forge-esgf,205
products-eventregistration,205
geomock,204
gisaid-download,204
geosample,203
gistey,203
geopycoor,203
glue-geospatial,202
radargeocoder,202
pangeo-forge-cmr,202
diamond-registry,202
geodummy,201
magislack,201
geofeed-validator,201
easygis,201
linz-geodetic,201
geopolrisk,200
geomath,200
lineage-registry,200
odoo13-addon-delivery-postlogistics,200
pfc-geometry,200
ipgeocache,200
geocodertools,199
django-appregistration,199
geocode-sparcs,199
pygeoroc,199
interlegis-portalmodelo-pl,199
geoid-toolkit,199
geothmetic-meandian,199
larpix-geometry,199
carregistration,199
py4logistic-regression,197
gis-csdt,197
spatial-kfold,197
odoo11-addons-oca-stock-logistics-barcode,196
pyspatiotemporalgeom,196
geospin-utilities,196
aegis-latex,196
pyrusgeom,196
logist,195
alibabacloud-geoip20200101,195
django-yandex-cash-register,195
geohashrs,195
jpgis-dem,195
geojson-repair,195
collective-geo-zugmap,195
odoo-addon-mass-mailing-event-registration-exclude,194
geosdemopyff,194
skytek-arcgis-integration,194
logistics-or-gym,194
aiocogeo-tiler,194
gists,194
geo-code,193
geo-ez,193
geometry-543,193
geonode-elasticsearch-app,193
alibabacloud-aegis20161111,193
thinkgisdump,192
roax-geo,192
registry-sweepers,192
geo-calcs,191
jinja2-registry,191
odoo12-addons-oca-stock-logistics-reporting,191
zqygis,191
gist-import,191
pigeonly-address,190
geogr,190
geobootstrap,190
alibabacloud-geoip20200101-py2,190
george-nester,190
hypgeo,190
osgeonorge,189
photos2geojson,189
geolidar,188
django-ipgeobase,188
pygeochemtools,188
flask-geomapper,188
reggisearch,187
geodn,186
ai4scr-spatial-omics,186
hanyang-registration,186
kregistrar,186
geoshoplib,186
georetriever,185
geometric-primitives,185
trueway-geocoding-rapidapi,185
imageobfuscator-shantih19,185
preageofuns,185
aegis-data,185
odoo13-addon-base-geoengine,184
geolens,183
geosci,183
geolocate,183
geotoolsconnector,183
sv-geometry,183
arcgiscolor,183
django-ldap-user-registration,183
spatial-analysis-toolkit,182
simple-arcgis-wrapper,182
registrator,182
geokey-webresources,182
colab-wikilegis,182
django-crispy-forms-registration,181
gistats,181
django-registrationwall,181
docker-registry-driver-cassandra,181
npm-register-cli,181
odoo-addons-oca-stock-logistics-availability,180
engishiki-data,180
cdk-pigeon-core,180
types-aiobotocore-sagemaker-geospatial,179
geosea,179
odoo8-addon-l10n-it-vat-registries,179
pygeomesh,179
geosupport-suggest,178
odoo8-addons-oca-stock-logistics-workflow,178
geomexp,178
py-gis-utility,178
kagiso-wagtail-slack,178
pygeoc,178
emagisterapi,177
monitor-register,177
wsgissi-skot,176
pygeogis,176
geoiojpg,175
geojsonformer,174
geoselect,174
braingraphgeo,174
geoindia,174
pgeorest,173
repo-gist,172
gistcafe,172
stridespatial,172
spatialedge-analytics-mesh,171
geodataflow-core,171
spatial3d,171
gisxml2csv,171
collective-geo-file,171
keywind-cloudregister,170
keyrings-tmp-gcp-artifact-registry-auth,169
pyleargist,168
geoshape-geonode,167
odoo14-addons-oca-geospatial,167
geo-pipeline,167
gistsync,167
random-geometry-points,167
djangorestframework-registration,167
digisondeindices,166
pytest-pigeonhole,166
flask-pigeon,166
djangocms-gist,166
score-geoip,166
django-registration-rest-framework,166
gitgeo,165
django-registration-with-email,165
pypi-register,165
zuul-registry,164
docker-registry-driver-elliptics,164
pygeopressure,164
geojsonformat,164
sphinx-pangeo-theme,164
django-geohashing,164
fds-sdk-factsetgeorev,164
geobo,164
geometrydash,163
odoo-addons-oca-stock-logistics-orderpoint,163
gistit,163
scattering-geometry-tools,163
geomapzw,163
django-registration2,163
odoo9-addons-oca-stock-logistics-barcode,163
django-gis-brasil,163
planegeometry,162
collective-geo-bundle,162
wsgisvc,162
census-geocoder,162
geometric-graphs,162
pigeon-jupyter,162
jldgeo,162
geoslurp,162
geofance,161
geo-raster,161
atomiccontributions-jageo,161
geohashcx,161
geoip-lastlog,161
service-registry,161
csirtg-geo,161
django-embed-gist,160
pyimageorganizer,160
geostack,160
pylibgeohash,160
cxc-gis,160
pycamgeom,160
geodataflow-spatial,159
geofuns,159
osgeo4w-installer,159
geoffrey-filecontent,159
geodis,159
geocensusapi,159
blogist,159
django-geographical-module,158
gistat,158
geospots,158
geonlplify,158
geoql,158
django-geopositionmap,158
botwinick-gis,158
geotechnicalprofile,158
geoviz,157
taugeometric,157
geokey-epicollect,157
django-appregister,157
collective-geo-json,157
odoo-addon-delivery-postlogistics,157
rosegeomap,156
dankdungeon,156
bpsgeodb,156
open-geo-engine,156
pygeoshape,156
odoo10-addon-delivery-carrier-label-postlogistics,156
gissip,156
geobricksdownloader,155
pidgeotto,155
pygeoid,155
pretix-public-registrations,155
pygeonhole,154
tgext-geo,154
geoza,154
changeos,154
geoweather,154
pyanchorgeo,154
pangeo-forge-earthdatalogin,154
boosting-logistic-model,154
photo-geotag-restful-api-client-library,153
odoo12-addon-mass-mailing-event-registration-exclude,153
geomapfm,153
django-easy-geoposition-field,152
x7-geom,152
geo-poz,152
django-geoip-redis,152
odoo14-addon-delivery-postlogistics,152
ncp-geolocation,152
get-gisty,151
geodjango-tigerleaflet,151
geometric-calibration,151
geojsontools,151
odoo8-addon-geoengine-partner,151
python-lambda-logistics,151
geodataflow-dataframes,151
geometry-analysis-step,150
convert2geojson,150
geodataflow-api,150
d7-lf-api-geopopos,150
geoformalchemy2,150
geoguessr,150
geospacepy,149
odoo14-addon-base-geoengine,148
rhealpix-geo,148
spatial-sites,148
freegeoip-client,148
pygeojson,147
geoshiny,147
geomate,147
odoo11-addons-oca-stock-logistics-reporting,147
imageregistration,147
geomie3d,147
gpx2spatialite,147
bgisimtool,146
geocsvlib,146
interlegis-portalmodelo-buscadores,146
geophotos,146
mca-company-register,146
openregister-client,145
odoo10-addon-base-geoengine-demo,145
pygeon-notifications,145
tortoise-gis,145
collective-geo-behaviour,145
geo-data-utils,145
odoo8-addon-geoengine-base-geolocalize,145
faker-geoscience,144
dungeon-maps,144
django-osgeo-importer,144
collective-geo-flexitopic,144
geomepy,144
collective-geo-opensearch,144
legisph,144
py-i2c-register,144
akiokio-django-geoposition,144
py-ztj-registry,143
decorated-registry,143
django-gis-timezones,143
tinygeo,143
docker-registry-util,143
geoffrey-pylint,143
geosdemo-haoyu,142
geoffrey,142
geomancer,142
odoo11-addon-l10n-it-vat-registries,141
register-it,141
odoo13-addon-mass-mailing-event-registration-exclude,141
mlgeo,141
daft-property-price-register,141
spatial-soul,140
acmsgeolocation,140
geokey-airquality,140
geo2kml,140
meltinggeos,140
safe-geonode,140
image-regist,140
django-class-registry,139
ruamel-windowsregistry,139
geokey-duplicate,137
cherrypy-wsgiserver,137
arcgis-layout-manager,137
my-geometry-lib,137
twittergeo,137
qth-registrar,137
hypothesis-geojson,137
geompreds,136
gislite,136
pyspatial,136
spatialcorr,136
opengl-registry,136
wsgiserialize,135
geox-statistics,135
oaas-registry,135
pygeostandards,135
scspatial,135
igeopenal,135
odoo8-addon-geoengine-sale,135
odoo10-addons-oca-geospatial,134
geostates,134
libgeosuitesnd,133
insynsregistret,133
geotexxx,133
odoo10-addon-l10n-it-vat-registries-cash-basis,133
ckanext-georchestra,132
python-geometry,132
coordinate-geometry,132
odoo12-addon-event-registration-multi-qty,132
geomap,132
cleanup-dungeondraft-asset-packs,132
django-2gis-maps,132
wsgistate,131
django-geoaware,131
osgeo-manager,131
xgeom,131
pangeobench,131
lolologist,131
geokey-cartodb,130
georgeiswinner,130
odoo12-addon-sm-member-geolocation,130
postgresql-deepgeo,130
homingpigeon,130
pyramid-geoip,130
geosphere,129
geoapi-client,129
geonmolib,129
geometry-utils,129
dockerregistrypythonclient,129
django-geoadmin,129
interlegis-intranetmodelo-policy,129
geocommit,129
pygeodb,129
spatialfix,129
geoapify4us,128
odoo8-addons-oca-stock-logistics-barcode,128
docker-registry-driver-swift,128
geospatial-learn,128
gis-py-distance,128
dreipol-django-fagungis,127
geoprobe,127
py-geo-nearby,126
convexgeometry,126
geocon,126
flow2spatial,126
numword-georgia,126
geoip2nation,126
errorgeopy,126
odoo10-addons-oca-stock-logistics-reporting,126
ligeor,126
ir-jageo,126
geoplotlib-fixed,126
pigeon-game-engine,125
domaingistry,125
geoip-network,125
geolibdpp,125
dogeon,125
pygeocode,124
geotolkparser,124
geocli,124
coordinate-geomentry,124
digisim,124
hiegeo,124
geots2img,124
sqlalchemy-geonames,123
flask-geokit,123
redis-py-with-geo,123
gottengeography,123
datamountaineer-schemaregistry,123
odoo8-addon-website-event-register-free-with-sale,122
darbiadev-manageorders,122
d9t-gis,122
geoshaha,122
django-smart-autoregister,122
geoconvert,122
geo-calculator,121
geostatsmodels,121
tom-registration,121
interlegis-portalmodelo-transparency,121
afrigis,121
gisterical,121
geosparql-dggs,121
geom-tools,121
text-gists,120
docker-registry-driver-oss,120
deepgis-utils,119
gist-description,119
geoquizzy,119
odoo10-addon-event-registration-mass-mailing,119
pigeons-game-engine,119
noderegister,119
aidungeon,119
avia-http-geobase,119
lektor-leaflet-geojson,118
gissue,118
geom8ry,118
django-registration-me,118
geotrans,118
sphinx-osgeocn-theme,118
django-geowidgets,118
geometryyls,118
aics-tf-registration,118
geolibs-aiohttp-apispec,117
qgis2to3,117
m3-registry,117
nngeometry,117
avia-geobase,117
b2b-geoindex,117
protopigeon,117
spatialweb,116
younggis,116
adrians-geotools,116
geoextract,116
geopurify,116
geologic,115
odoo13-addon-fieldservice-geoengine,115
django-geoaxis,115
docker-registry-driver-alioss,115
django-registration-invite,115
django-geodata,115
python-geoip-geolite2-coex,115
geohmt,115
logistic-module,115
printipigeon,114
pyspatialite,114
celery-geolocator,114
odoo11-addons-oca-geospatial,114
django-aps-register,114
geohasher,114
geousage,114
aio-geojson-nsw-transport-incidents,114
osmgeocoder,114
airflow-arcgis-plugin,113
geoclaw-landspill,113
simplegeomap,113
zgeo-geographer,113
uw-highp-geophysics-tools,113
geometric2dr,113
geosrw,113
djangocms-geoplaceholder,112
django-geoip-redirection,112
geonames-client,112
genialbiologists,112
geo-heatmap,112
sql-schema-registry,112
rsgis,112
jwt-validator-emagister,112
ascii-geometry,112
orange3-geo-zh,112
wsgistraw,112
odoo12-addon-base-geoengine-demo,112
geoh,111
space-objects-geos,111
lidartogeo,111
geonumpy,111
logisiticregression-pavanadapa,110
tzgeo,110
geocelery,110
geomeshconv,110
nx-spatial,110
dictregister,110
geometry-blender,110
uzsoato-registry,110
geometricshapes,110
gismeteopy,109
matt-dj-registry,109
geokrety-api-models,109
geok,109
gisaid,109
geogrids,109
pypy-geoff,109
gismidtermdemo,108
geobricksmetadatamanager,108
mca-company-registry-utils,108
pygeoyandex,108
geograph,107
geog0111,107
udata-geoplatform,107
geo-places,107
spatial-eggplant,107
register-apps,107
gias3-registration,107
geocoding-api-extract,107
cognitivegeo,107
geogsbing,107
george-lucas,107
federal-register,107
proso-geography-data,107
geonode-qgis-server,106
odoo12-addons-oca-stock-logistics-barcode,106
georeverse,106
geonames-rdf,106
aegisblade,106
metadata-registry-interface-specifications,105
aliyun-python-sdk-aegis,105
lineageot,105
geompy,105
geoiter,105
odoo14-addon-event-registration-partner-unique,105
qgis-plugins-xml,104
jungeon,104
phygeograph,104
georgesngandeu-hello,104
geo-frac-analysis,104
py-starbound-dungeons,104
midtermgeos,104
anc08june2020geog489l2,104
jageocoder-converter,103
geotopy,103
multivar-hypergeom,103
registrypol,103
geospatialtools,103
geo-tools-py,103
shape-registration,103
crose26-geodemo,103
geoffrey-radon,103
geo-street-talk,102
zgeo-atom,102
pgeon,102
docker-registry-purger,102
geographiclib-cython-bindings,102
geomodel,102
collective-geo-fastkml,101
geos18-nexrad-package,101
fh-django-registrations,101
geolucidate,100
geographnet,100
odoo-addon-event-registration-cancel-reason,100
odoo14-addon-event-sale-registration-multi-qty,100
hexgridgeo-py,100
crgeo,100
django-registration-paypal,100
geotrimesh,100
docker-registry-driver-sinastorage,99
geomagdata,99
datacraft-geo,99
pythonloginandregister,99
pilab-regis,99
ggeocode,99
dj-geocoding,99
shiny-enigma-geologic2531,99
pyimageoptimizer,99
odoo8-addon-geoengine-project,98
collective-portlet-geo,98
geodude,98
testspatialcdr,98
python-geoio,98
geodesic-chenhan,98
cob-arcgis-geocoder,98
pygeom2d,98
pygeons,98
statick-rosm-registry,98
odoo9-addon-base-geoengine,98
geoffrey-todo,98
oaas-registry-api,97
docker-registry-admin,97
blocket-kafkaregistry-avro,97
gist-exec,97
django-graphene-gis-extension,97
noddingpigeon,97
torch-gists,97
blocket-kafkaregistry-json,97
pyedgeon,97
odoo12-addon-product-logistics-uom,97
advanced-geometry-utils,96
geography-guessing,96
collective-tiles-githubgist,96
txserviceregistry,96
spatialscvis,96
odoo9-addons-oca-geospatial,96
nekbot-plugins-geo,96
music-geometry-eval,95
race-strategist,95
geoedemo,95
geotool,95
logiskip,95
geo-python,95
odoo9-addons-oca-stock-logistics-reporting,95
gistmagic,95
odoo-addon-event-registration-partner-unique,95
tiddlywebplugins-geofilters,95
geofire-python,94
geo-prof,94
ggeocoder,94
spatial-kde,94
geodemo-fm,94
blocket-kafkaregistry-protobuf,94
django-geocoder,94
geojoin,93
odoo8-addons-oca-stock-logistics-reporting,93
spatialnet,93
penguin-logistics,93
geograpy4,93
neathgeohash,93
pigeons,93
geogotchi,93
odoo11-addon-event-registration-mass-mailing,93
powerpigeon,92
geographic-line-of-sight,92
georefdata,92
shape2geosparql,92
geomark,92
odoo14-addon-event-registration-multi-qty,92
swampy-spatial-datacube,92
odoo13-addon-event-registration-partner-unique,91
pgeotrmm,91
gisgroup-statbank,91
gist-id,91
osgeo-utils,91
gist-recreate,91
odoo14-addons-oca-stock-logistics-transport,91
geolime,91
odoo9-addon-l10n-it-base-location-geonames-import,90
qgispluginreleaser,90
tch-geometric,90
gist-delete,90
geotoys,90
cc410-restaurant-register,90
salt-geo,90
geonextdemo,90
pyborgeous,90
pygeovis,89
registrasion,89
wsgiserve,89
sbpgeologyheron,89
isogeocoder,89
spatialheterogeneityanalysis,89
docker-registry-driver-ufile,89
idq-geo,89
twtxt-registry-client,89
p01-geo,89
py-registry,88
geolocation,88
zgeo-plone-kml,88
odoo12-addon-geoengine-swisstopo,88
zgeo-kml,88
zgeo-plone-atom,88
spatialmht,88
geordi,88
geodjango-tigerline,87
pywinregistry,87
geoshaper,87
registrycleaner,87
geom-props,87
gisp,87
gistore,87
qgisstepui,86
zgeo-spatialindex,86
art-of-geometry,86
pigeoo,86
gists-id,86
de-bundestag-lobbyregister,86
pengeomgen,86
interlegis-intranetmodelo-departments,86
geopmdpy,86
gismeteoscraper,86
zato-connection-registry,86
girder-geospatial-grid,86
interlegis-recipe-sapl,86
gisty,86
geocircle,86
docker-register,86
nester-logistex,86
multi-label-pigeon,86
py-configs-registry,85
geonode-worldmap,85
aegis-model,85
django-maploom-registry,85
geo-tool,85
wsgiservlets,85
docker-registry-cleaner,85
flask-oidc-neogeo,85
config-registry,85
geoddb,85
django-geo-timezones,84
geotrigger-python,84
txgeocodio,84
geodestic,84
georich,84
tfkerassurgeon,84
incuna-pigeon,84
spatial-experiments-28-id,84
eddl-geodesy,84
django-geonames-cities,84
polygeohash,83
bgeo-catasto,83
geometry1,83
roax-postgis,83
odoo-addons-oca-stock-logistics-transport,83
django-geosimple,83
odoo8-addon-l10n-fr-base-location-geonames-import,83
tf2-keras-surgeon,83
services-registry,83
geoparallel,83
girder-geospatial-raster,82
wu-aut-register-script,82
my-geometry-project-yandex-ect,82
ha-detect-geo-text-my1,82
georssy,82
tid-logistic-regression-model,82
georgescalc,82
pypigeonhole-config,82
geon-services-core,82
geocrawl,81
gsk-geo-encryption,81
virtualecologist,81
geoffrey-pytest,81
f1-2021-race-strategist,81
mommy-spatial-generators,81
collective-easyformplugin-registration,81
geometricmd,81
etangised,81
geopackage,80
ynd-geosoft-demo,80
debiased-spatial-whittle,80
type-registry,80
geo-stars,80
codingpiratesdungeon,80
odoo14-addon-sale-commission-geo-assign,80
geoland,80
odoo8-addon-base-location-geonames-import,80
georunes,80
geocloud-es,80
aoikregistryeditor,80
pygeoapi-mssql-provider,80
geostream,79
landsat-cogeo-mosaic,79
mzgeohash,79
geoseeq-api,79
odoo9-addon-l10n-fr-base-location-geonames-import,79
geokit,79
geocoord,79
flowgiston,79
pgsql2gist,79
geometrica,79
odoo10-addon-geoengine-partner,79
girder-geospatial-vector,78
dash-arcgis,78
discord-register-deskent,78
geo-cache-client,78
schema-registry-python,78
odoo14-addon-event-session-registration-multi-qty,78
cfgeom,77
adafruit-micropython-register,77
changeoffice,77
yandex-http-geobase,77
garageops,77
odoo8-addons-oca-stock-logistics-transport,77
ladybug-geojson,77
osf-pigeon,77
deathdungeon-jankycoder,77
collective-registrationcaptcha,77
togeojsontiles,77
geoffsmodule,77
fastgeo,77
geo-vallarisgift,76
csv-to-geojson,76
geo-sampling,76
dungeon-generator,76
geotolk-tools,76
mogistics,76
jicgeometry,76
geo-abt,76
geo-factory,76
duffy-registry-confusion-test,76
geojsonpy,76
pyrossgeo,76
geobase6,75
odoo8-addons-oca-stock-logistics-tracking,75
openclean-geo,75
george-walrus,75
zgeo-wfs,75
odoo11-addon-event-registration-cancel-reason,75
odoo10-addon-l10n-it-base-location-geonames-import,75
deepalign-registry-service-client,75
openlegis-recipe-sagl,75
thatgaypigeon,75
odoo8-addons-oca-geospatial,75
django-registrable-choices,75
geojsonhash,75
gist-magic,75
cherrypy-cgiserver,74
django3-registration,74
girder-geo-heatmap,74
odoo-addon-pos-event-sale-registration-qr-code,74
text-cleaner-emagister,74
league-registrar,74
geops,74
geoalgo,74
imposm-geocoder,74
django-ubigeo,74
odoo12-addon-geoengine-bing,74
geometry-lab,74
geolabel-maker,74
intelligent-pigeon,74
gocept-registration,73
geobaza,73
geofake,73
geotagger,73
geolite2utils,73
ahogeotagger,73
mongo-to-geojson,72
golangish,72
coronawhy-geo,72
postgis-toolkit,72
odoo11-addon-event-registration-partner-unique,72
qgis-plutil,72
odoo14-addon-event-registration-mass-mailing,72
geohexgrid,72
fail2bangeolocation,72
wtforms-geo,72
legiscrape,72
odoo14-addon-event-registration-cancel-reason,72
geortree,71
giskard-client,71
rgbgeotif,71
deepgeo-ext-yolo,71
collective-registration,71
docker-registry-driver-fdsstorage,70
sttgeo,70
diplomacy-strategist,70
interlegis-portalmodelo-api,70
geotechnicalpy,70
geococu,70
geonames-postcode,70
odoo13-addon-geoengine-base-geolocalize,70
miagis,70
random-spatial-py,70
geosyspy,69
geosys,69
wsgissi,69
goodgis,69
faa-aircraft-registry,69
registry-cli-apatsev,69
flask-register,69
geolearn,69
bayes-logistic,69
igist,69
isdc-geonode-client,69
pysxgeo,68
geometor,68
docker-registry-driver-azureblob,68
isdc-geodb,68
vertis-schema-registry,68
googeo,68
shapely2geojson,68
geochemistrypy,68
cleanup-zope-persistent-registry,68
register-shaxbozaka,68
geostat-api,68
odoo14-addon-hr-attendance-geolocation,68
mixologist,68
django-registration-bootstrap,68
geospace-st,68
geo-rendering,68
traveltask-google-artifact-registry,67
df2geojson,67
geopicker,67
geojsonvt,67
odoo11-addon-sm-member-geolocation,67
geometric-clustering,67
django-gist-embed,67
geojson-elevation,67
gk-datasci-george-kulangara,67
collagist,67
ng-app-registry,67
odoo10-addon-event-registration-multi-qty,67
feature-based-registration-bioinfotongli,67
geobricksgisvector,67
geomet-data-registry,67
dlgis,67
nepal-company-registrar,66
prefect-geopandas-serializer,66
geo3dfeatures,66
reshape-geo,66
netatmo-geopy,66
deepgeo-ext-maskrcnn,66
mougeon,66
docker-registry-statistics,66
geopython,66
pygeosg,66
spatial-utils,66
rancher-agent-registration,66
txgeonames,66
ipgeo-namdevel,66
registrant-alert,65
django-ph-geography,65
openregister-entry,65
geopoly,65
timi-geodesic,65
geoweaver-cwl,65
pygeoplot,65
pythologist-reader,65
tiddlywebplugins-register,65
geoakima,65
odoo11-addon-test-base-geoengine,65
geo58,65
cloud-geodesic,65
openimis-be-self-registration,64
odoo13-addon-hr-attendance-geolocation,64
geo-prepper,64
geosis,64
gisce-ooop,64
oasysgeotech,64
zgeo-recipe-openlayers,64
geoflow,64
dungeon-game-mykhailovskyi,64
django-geocoding,64
gis-kit,64
gist-up,64
geodome,64
giserwang,64
odoo13-addons-oca-stock-logistics-transport,64
geometry2d,64
odoo9-addon-geoengine-maplausanne,64
collective-geo-wms,63
einsteinpy-geodesics,63
geobricksgeoservermanager,63
wix-protos-proto-cloud-npm-registry-replicator-api,63
cuspatial,63
geopdf,63
django-registration-fc,63
gistmaker,63
nyc-intersection-geocoder,63
fingergeoparser,63
geolambert,63
isogeo-xml-toolbelt,63
geogear,63
odoo12-addon-base-geolocalize-openstreetmap,63
geo-lib,63
django-geohash-cluster,62
geometryobject,62
geometriq,62
geodesicpointgenerator,62
simple-geocoding,62
github-gists,62
reading-gist,62
sphinxcontrib-gist,62
geoffrey-pyreverse,62
geobipy,62
geofun,62
geoprisma-config,62
odoo-addon-event-registration-mail-compose,62
tap-geosource,62
igeorgiev,62
odoo13-addon-geoengine-swisstopo,62
django-log-register,62
flask-gist,62
gis-lab,62
geoip2nation3,62
geoffrey-pyflakes,62
geojson-fixer,61
geo-com-cal,61
gisinfo-c,61
nasalgeom,61
wix-protos-apiregistry-api-registry-registry-file-exporter,61
arcgisutils,61
django-geofield,61
foramgeochem,61
jupyterlab-geojs,61
geologyutils,61
plankton-spatial,61
geometrie,61
odoo14-addon-delivery-postlogistics-dangerous-goods,61
pythologist-image-utilities,61
django-easygeoip,61
geo21,61
registermlmodels,61
mueb-register,61
geobench,60
avidaspatial,60
paddlespatial,60
pymrgeo,60
joker-geometry,60
libgeosuiteprv,60
geoffrey-snakefood,60
registryctl,60
odoo8-addon-logistic-order,60
lc-registry,60
diffgeom,60
giskard-toolbox,60
odoo8-addon-l10n-ar-cash-register,60
stitches-gis,60
flask-registerblueprints,60
spatialdata,60
odoo12-addon-event-sale-registration-multi-qty,60
ol-geoip,59
nyc-geoclient,59
neologist,59
wix-protos-apiregistry-artifactpoller-artifacts-poller,59
geocode-adi,59
globalregisterplugin,59
geonames-countries,59
geosmapdemo,59
pygeomod,59
spatialclique,59
geobook,59
django-ipgeo,59
insightgis,59
geoagro,59
neospatial,59
djorm-ext-pggeom,58
leonardo-geo,58
invisibleroads-macros-geometry,58
ipgeo,58
geo-util,58
gistimporter,58
analogistics,58
wix-protos-premium-domain-registrar-internal-api,58
test-package-pigeon,58
sequentialgeojson,58
toolbox-geohash,58
python-cash-register,58
geoview,58
odoo13-addon-event-sale-registration-multi-qty,58
geocities,58
tabgeo,58
geofdw,58
geohelper,58
psycopg-postgis2,58
geometadp,58
geoquery,57
popug-schema-registry,57
geoffrey-cheesecake,57
my-test-about-geometry,57
python-geoclient,57
geodataprocessor,57
geoimage,57
py-geo-loc,57
frasco-geoip,57
wix-protos-proto-site-branches-registry-api,57
odoo11-addon-crm-lead-to-event-registration,57
django-geomultiplechoice,57
geodesiclm,56
odoo8-addon-logistic-consignee,56
django-geolocation-alert,56
pymagisto,56
optical-flow-registration-bioinfotongli,56
wix-protos-premium-domain-registrar-api,56
odoo13-addon-geoengine-partner,56
wix-protos-proto-telemetry-registry-proto-api,56
odoo8-addon-logistic-order-multicurrency,56
odoo13-addon-test-base-geoengine,56
logistics-partner-open-platform,56
geosearch,56
pygeoshapes,56
widgeon,56
spatial-ops,56
odoo12-addon-hr-attendance-geolocation,56
gsa-geothermal,56
ppygis,56
giseo,56
opengeode-maxime1008,56
odoo12-addon-geoengine-base-geolocalize,56
drf-tracking-geoip,56
geoffrey-jshint,56
googlegeocodingcli,55
spatial-point-manager,55
uclgeog-msc,55
pygeonlp-webapi,55
gpiozero-shiftregister,55
logistigate,55
skyportal-spatial,55
sdogeom,55
geoseer,55
odoo8-addon-l10n-it-base-location-geonames-import,55
geo-hood,55
geoffrey-csslint,55
odoo8-addon-logistic-order-requisition-donation,55
python-serverless-registry,55
tool-registry-client,55
ngeo,55
sample-ais-geocoder,55
odoo10-addon-l10n-it-vat-registries-split-payment,54
wix-protos-apiregistry-api-registry-app,54
odoo10-addon-sale-commission-geo-assign,54
pygeosolve,54
collective-behavior-localregistry,54
odoo12-addon-event-session-registration-multi-qty,54
odoo8-addon-logistic-requisition-multicurrency,54
odoo10-addon-l10n-fr-base-location-geonames-import,54
klass-registry,54
search-gists,54
geodata2pg,54
odoo10-addon-website-sale-commission-lead-geo-assign,54
fw-gear-ants-atlas-registration,54
scikit-geodesic,54
odoo8-addon-logistic-requisition-donation,54
pipgeoip,54
geosan,54
wsgisubdomain,54
isdc-geopanel,53
django-geolocation,53
nv-utils-registry,53
wix-protos-artifact-registry,53
lofargeotiff,53
geoffrey-clonedigger,53
regeorg,53
registry-du,53
geonode-profiles,53
simplegistyc,53
wix-protos-apiregistry-exporter-registry-file-exporter,53
odoo8-addon-logistic-requisition,53
geometrydashapi,53
geocluster,53
geocell,52
streamlit-geo-selector,52
geokey-geotagx,52
newgistics,52
pangeo-forge,52
odoo8-addon-logistic-order-donation,52
proxygeo,52
mpi-age-aegis,52
odoo9-addon-event-registration-partner-unique,51
odoo11-addon-geoengine-partner,51
geoapi,51
pipegeohash,51
odoo13-addon-event-registration-cancel-reason,51
pagingish,51
geodemoch,51
w3u-thegismar,51
gisfordemo,51
pure-python-geoip-library,51
postgis-assist,51
robotframework-schemaregistrylibrary,51
sereneregistry,51
pyimageocr,51
vissim2geojson,50
geonode-ows-endpoints,50
odoo8-addon-logistic-budget,50
protobuf-gis,50
localwiki-geocode-pagenames,50
odoo8-addon-event-registration-mass-mailing,50
py-service-registry,50
odoo9-addon-crm-event-registration-partner-unique,50
django-registration-html-email,50
wix-protos-apiregistry-exporter-api-registry-registry-file-exporter,50
topsis-jigisha-102003650,50
geocif,50
odoo12-addon-geoengine-partner,50
geomi,50
xregistration,50
geokrety-api-exceptions,50
zgeo-plone-geographer,49
streamlit-google-geochart,49
spatialcorr-sim,49
geonode-force-default-lang,49
qgisstepsbar,49
wix-protos-apiregistry-api-registry-artifact-poller,49
bulk-geocoding,49
postgis2raster,49
docker-registry-driver-git,49
wix-protos-catalyst-descriptor-registry-api,48
pytabgeo,48
qgis-plugins,48
odoo9-addon-event-registration-mass-mailing,48
ccc-gistemp,48
pigeomail,48
registrobr,48
bike-geo,48
dj-geocomplete-address,48
geoframepy,47
keepregister,47
odoo12-addons-oca-stock-logistics-transport,47
odoo11-addon-geoengine-swisstopo,47
pypigeonhole-simple-utils,47
proxygeodetector,47
odc-geom,46
dash-geoman,46
geospractice,46
vebai-gists1,46
wsgisession,46
logistic-regression-lethoras,46
odoo14-addon-product-weight-logistics-uom,46
odoo10-addons-oca-stock-logistics-transport,46
shift-register,46
geog510-test,46
ndserviceregistry,45
geolocationm,45
gis999,45
geometric-fabrics,45
giscegisplot,45
phgeograpy,45
odoo11-addons-oca-stock-logistics-transport,45
pypigeonhole-dbaccess,45
pygists,45
pygeomagapex,44
odoo10-addons-oca-stock-logistics-tracking,44
odoo12-addon-base-geolocalize-company,44
odoo11-addon-l10n-it-vat-registries-split-payment,44
odoo9-addons-oca-stock-logistics-tracking,44
django-simple-registration,44
pygist,44
odoo8-addon-crm-lead-to-event-registration,44
geopolygon,44
odoo8-addon-event-registration-partner-unique,44
geonode-datastore-shards,43
odoo13-addons-oca-geospatial,43
geobox,43
ipgeolocation,43
pygeojs,43
geoplanar,43
odoo13-addon-event-registration-multi-qty,43
xkbregistry,43
gist-it,42
geomag-wdc-web-app-interface,42
odoo8-addon-logistic-requisition-department,42
tornado-geopy,42
geography-tour-ready,42
geodic,42
pygeostreams,42
geo2cart,42
pynoaageomagindicehandler,42
tanium-geoip,42
torch-geometric-edge,42
odoo12-addon-test-base-geoengine,42
odoo8-addon-logistic-order-donation-budget,42
gistributions,42
multi-label-pigeon-jupyter,42
owlregistry-client,42
scikit-geo,42
collective-registry,42
geoscale,41
odoo11-addon-delivery-carrier-label-postlogistics,41
odoo8-addon-logistic-order-donation-transit,41
odoo14-addon-delivery-postlogistics-server-env,41
odoo12-addon-event-registration-mass-mailing,41
geo-measures,41
geomatics-probability,41
geo-utils,41
spatial-interpolators,40
geoai,40
odoo9-addons-oca-stock-logistics-transport,40
pipegeojson,40
odoo-addon-event-quick-registration,40
geoplotlibfixed,40
giserwang1111,40
geodapi2,40
cromlech-wsgistate,40
papageorge,40
pytamugeocode,40
geoassembler,40
georef,39
wugeo,39
geokern,39
packageobf,39
gissues,39
keyrings-google-artifactregistry-auth-legacy,39
geolab,39
mpbxgeodesicgen,39
odoo13-addon-event-session-registration-multi-qty,39
geocode-lite,39
speechbrain-geoph9,39
geo-tools,39
imio-ws-register,39
geopde,39
gisterize,39
george-ess,38
odoo8-addon-logistic-order-donation-shipment-test,38
knowledgeowl,38
geopt,38
npmjs-register-cli,38
django-geoprisma,38
geoage-calculator,38
pythologist-test-images,38
collective-geo-exif,38
geogridmap,38
npmjs-register,38
geoscatter,38
gisrastertools,37
django-registration-names,37
geosearch-py,37
pydgeot,37
collective-geo-mapcontent,37
geograpy2,37
heregeocoder,37
django-registration-mobnum,37
gistolog,37
collective-maps-geoxml,37
odoo9-addon-event-registration-cancel-reason,37
odoo8-addon-event-sale-registration-partner-unique,37
polageo,37
gists42,37
daynight2geojson,37
collective-geo-geopoint,37
dungeon,37
geodatabase-tempfile,36
numgeo,36
isdc-geoaccessibility,36
geonet,36
george-pack1,36
odoo13-addons-oca-stock-logistics-tracking,36
geomidpoint,36
isdc-geoavalanche,36
collective-geo-index,36
django-scspostgis,36
serenity-module-geo-ip,36
django-registry-maploom,36
pygeotemporal,36
dbgis,36
django-geoware,36
odoo11-addon-geoengine-base-geolocalize,35
odoo9-addon-geoengine-swisstopo,35
collective-geo-polymaps,35
django-gishelper,35
geoval,35
georgeandronchikfirst,35
spatial-autocorrelation,35
opps-registration,35
giscope,35
geo-coor,35
geometry-volume,35
ghg-georef,35
geosol,35
georgea-distributions,35
gemgis-data,35
dungeon-n-python,35
mygeoip,35
django-registration-withemail,35
zmt-geometric,35
geotwd,35
geoshapespc,34
docker-registry-index-dynamodb,34
geocloud-nmea,34
repo2docker-pangeo,34
torchgist,34
odoo9-addon-crm-lead-to-event-registration,34
geohash-logic,34
geo-calculus,34
napari-registration,34
geomesh,34
geodjango-timezones,34
geostatil,34
django-register-activate,33
us-geo-helper,33
odoo11-addon-base-geoengine-demo,33
odoo10-addon-event-sale-registration-multi-qty,33
cs-plonepatches-resourceregistries,33
gists-cli-py3,33
geocity,33
georgeredis,33
geokrety-api,33
geohash-polygon,33
docker-registry-cleanup,33
pygiscope,32
geoleaflet,32
djangorestframework-gis-distance,32
test-register,32
txsimplegeo-shared,32
rinoh-typeface-georgia,32
nl-gist,31
geomobilejp,31
django-easyregistration,31
geoshapes,31
geoservice,31
kagiso-flake8,31
sentry-geo,31
george-utils,31
sms-logistics,31
docker-registry-driver-swift-glb,30
geocamutil,30
simplegeoip2,30
isdc-geobaseline,30
hcpregistry,30
odoo12-addon-crm-lead-to-event-registration,30
handygeometry,30
twentytab-geocode,30
inageoportal,30
geogig-py,29
odoo12-addon-event-registration-partner-unique,29
django-registration-pebble,29
usuarioapppackagegeo,29
talosgis,29
kagisho,29
geoipredirect,29
sageone-api-client,29
multi-registry,29
wsgisampleiisapp,29
grokcore-registries,29
firstpackageofw,29
natgeo-photo,28
quickgist,28
pydgeot-jinja,28
surgeon,28
pygeon,28
odoo13-addon-delivery-postlogistics-server-env,28
django-registration-extended-backend,28
nlgeojson,27
simplegeo-places,27
ligeos,27
odoo13-addon-event-registration-lang,27
registerify,27
odoo12-addon-event-registration-cancel-reason,27
odoo10-addon-base-geolocalize-openstreetmap,27
odoo8-addon-event-registration-cancel-reason,27
pigeonking,27
geoblend,27
migeo,26
pygeosearch,26
geoffrey-filesystem,26
geokey-import,26
ng-registry,26
pyregistry,25
odoo10-addon-geoengine-base-geolocalize,25
serpentologist,25
tl-geodrawing,25
thegeotarginator-back-interface,25
tomcom-plone-ptregistry,25
pro-net-registry,24
interlegis-portalmodelo-migrator,24
simplegeo-shared,24
pygeoexif,24
geoai-detectron2,23
odoo9-addon-geoengine-partner,23
proso-geography-analysis,23
odoo8-addon-event-registration-seat-limit,23
pulumi-azure-quickstart-acr-geo-replication,23
pysurgeon,22
pigeonhole,21
scatologist,20
zc-wsgisessions,20
odoo9-addon-base-geoengine-demo,19
cloudregister,18
usecase-registry,17
pymongoagg-juliusgeo,16
aaaageodetector,13
georacle,12
geom3d,8
gmgeoip,6
r-geocode,6
aa-geo-tools,5
geomt,5
geoapify,4
georgecluu,4
django-geonames-address,4
geometric-mean,3
geombase,3
half-geo,2
zgeo,2
georges-calc,2
geosmap,2
geopackagetest,2
pythongeohash,1
geopackagetest1,1
geometric-mean-method,1
geoserverx,1
geocodingpy,1
ha-geo-detector,1
geometry-app,1
github-gist,1
bluewhale3-geo-test,1
jobpigeon,1
geol-archpy,1
pygeocoding,1
spatial-mscg,1
qgis-core,1
geos18-nexrad-package1,1
geo-retriever,1
private-registry,1
geogtest,1